molecule_chembl_id,smiles,standard_type,standard_relation,standard_value,standard_units,assay_chembl_id
CHEMBL3621433,Cc1ccc(N(CC#N)Cc2ccc(F)cc2F)cc1,MIC,'=',128.0,ug.mL-1,CHEMBL3625335
CHEMBL4450418,N#C[C@@H]1CC[C@@H]2CN1C(=O)N2OS(=O)(=O)[O-].[Na+],MIC,'<=',0.12,ug.mL-1,CHEMBL5247824
CHEMBL2236659,O=C(/C=C/c1c(Cl)cccc1Cl)c1ccc[nH]1,MIC,'=',15.6,ug.mL-1,CHEMBL3061488
CHEMBL4127175,OB(O)c1ccc(Cn2cc(-c3ccccn3)nn2)cc1,MIC,'<=',0.03,ug.mL-1,CHEMBL4123733
CHEMBL296800,COc1cc2oc(-c3ccccc3)cc(=O)c2c(O)c1O,MIC,'>',125.0,ug.mL-1,CHEMBL682907
CHEMBL5414996,O=C(O)c1nccn1CCc1ccc([N+](=O)[O-])cc1,MIC,'=',8.0,ug.mL-1,CHEMBL5360869
CHEMBL575061,O=c1ccsn1-c1ccc(Cl)cc1,MIC,'=',10.0,ug.mL-1,CHEMBL1052821
CHEMBL5573576,O=C(Nc1ccccn1)c1ccc2c(c1)OCCCO2,MIC,'=',12.5,ug.mL-1,CHEMBL5529142
CHEMBL5416386,[C-]#[N+]c1ccc(NC(=O)Cc2c[nH]c3ccccc23)cc1,MIC,'>=',64000.0,nM,CHEMBL5355195
CHEMBL3275000,C=C(C)c1cnc([N+](=O)[O-])n1C,MIC,'>',100.0,ug.mL-1,CHEMBL3280883
CHEMBL1076935,CCOC(=O)C(O)Cc1nc2sccn2c1[N+](=O)[O-],MIC,,,,CHEMBL1106743
CHEMBL3809466,N[C@@H](CO)[C@@H](O)c1ccc([N+](=O)[O-])cc1,MIC,'=',100.0,nM,CHEMBL3821874
CHEMBL503112,CC1CCN(c2ncnc3c2ncn3C2CCCC2)CC1,MIC,'=',50.0,ug.mL-1,CHEMBL1033185
CHEMBL1788238,CCCCC[C@@H](C)COC(=O)c1ccncc1,MIC,'=',30.0,ug.mL-1,CHEMBL678776
CHEMBL268869,COc1ccc(NS(=O)(=O)c2ccc(N)cc2)nn1,MIC,'>',160000.0,nM,CHEMBL2389464
CHEMBL1561375,CC1=C(C(=O)OC(C)C)C(c2cccs2)NC(S)=N1,MIC,'>',512.0,ug.mL-1,CHEMBL3049076
CHEMBL1689063,NC(=O)[C@@H]1CC[C@@H]2CN1C(=O)N2OS(=O)(=O)O,MIC,'=',8.0,ug.mL-1,CHEMBL5259975
CHEMBL2297334,CO/N=C(/C/C=N/O)c1ccc(OC(C)C)cc1,MIC,'>',64.0,ug.mL-1,CHEMBL3074093
CHEMBL482813,CCc1ccc(S(C)(=O)=O)c2c1[nH]c1ccccc12,MIC,'>',60.0,ug,CHEMBL1013969
CHEMBL4204019,CCCCCCc1ccc(-c2cn(C(C)C)c(N)n2)cc1,MIC,'=',0.016,ug.mL-1,CHEMBL4179301
CHEMBL1689037,O=C(/C=C/c1ccccc1)c1ccco1,MIC,'=',10.0,ug.mL-1,CHEMBL3049081
CHEMBL478602,C=C1C(=O)OCC1C/C=C(\C)CC(=O)C=C(C)C,MIC,'=',101000.0,nM,CHEMBL967423
CHEMBL2334112,Cc1ccc(-n2nc3[nH]c(=N)c4ccccc4c3n2)cc1,MIC,'=',50.0,ug.mL-1,CHEMBL2344200
CHEMBL3357497,CC(C)=CCCC(C)CC1CC(=O)c2cc(O)ccc2O1,MIC,'=',3.13,ug.mL-1,CHEMBL3386988
CHEMBL3236790,C/C(NCCOc1ccccc1Cl)=C1/C(=O)CNC1=O,MIC,'>',32.0,ug.mL-1,CHEMBL3243795
CHEMBL4444662,Cc1ccc(CCn2ccn3cc([N+](=O)[O-])nc3c2=O)cc1,MIC,'>',32.0,ug.mL-1,CHEMBL4384239
CHEMBL3244611,C=CCOn1cc(C(=O)O)c(=O)c2cc3c(cc21)OCO3,MIC,'=',6.25,ug.mL-1,CHEMBL3257109
CHEMBL443,Cc1cc(NS(=O)(=O)c2ccc(N)cc2)no1,MIC,'=',2.4,ug.mL-1,CHEMBL1634998
CHEMBL2299418,CN(C)c1ccc(/C=C/C=O)cc1,MIC,,,,CHEMBL3074446
CHEMBL354349,C[n+]1c2cc(N)ccc2cc2ccc(N)cc21.[Cl-],MIC,'=',2.0,ug.mL-1,CHEMBL992267
CHEMBL40463,CC(C)[C@@H](C(=O)O)N1Cc2ccccc2C1=O,MIC,'=',1620.0,ug.mL-1,CHEMBL674541
CHEMBL1241451,NNc1nc2cc(Cl)c(Cl)cc2s1,MIC,'=',100.0,ug.mL-1,CHEMBL1246046
CHEMBL23393,CCCCCCCCCCCCOS(=O)(=O)[O-].[Na+],MIC,'=',800.0,ug.mL-1,CHEMBL1679711
CHEMBL3221309,C=CCOc1ccc(OCc2ccccc2)cc1C(=O)NO,MIC,'=',800.0,ug.mL-1,CHEMBL3224627
CHEMBL77258,CCCCC(CC(=O)NO)S(=O)(=O)C1CCCCC1,MIC,'=',8.0,ug.mL-1,CHEMBL673745
CHEMBL203125,O=CN(O)CCCP(=O)(O)O,MIC,'=',12.5,ug.mL-1,CHEMBL1924992
CHEMBL446992,Cc1ccc(Cc2nc3cc([N+](=O)[O-])ccc3o2)cc1,MIC,'=',50.0,ug.mL-1,CHEMBL974323
CHEMBL148,C[C@@H](O)[C@H]1C(=O)N2C(C(=O)O)=C(SCCNC=N)C[C@H]12,MIC,'=',0.13,ug.mL-1,CHEMBL1654485
CHEMBL5,CCn1cc(C(=O)O)c(=O)c2ccc(C)nc21,MIC,'=',64.0,ug.mL-1,CHEMBL1633447
CHEMBL3233038,O=C(O)[C@@H]1CCCc2c1[nH]c1ccc(Cl)cc21,MIC,'=',313000.0,nM,CHEMBL3239373
CHEMBL2238310,CC1C(=O)CC(C(C)(C)C)N(C(C)(C)C)C1C(C)(C)C,MIC,'>',512.0,ug.mL-1,CHEMBL3047095
CHEMBL1809130,CO[C@H]1CCCCCCCCC[C@@H](C)OC(=O)/C=C/C1=O,MIC,'>',64.0,ug.mL-1,CHEMBL1810776
CHEMBL572994,O=c1ccsn1Cc1ccccc1,MIC,'=',12.5,ug.mL-1,CHEMBL1052821
CHEMBL1240991,OCCN(CCO)Cc1ccc(Cl)cc1Cl,MIC,'=',256.0,ug.mL-1,CHEMBL1246427
CHEMBL1888092,CCCn1cc(C(=O)OCC)c(=O)c2cc(F)c(F)cc21,MIC,'=',32.0,ug.mL-1,CHEMBL5529167
CHEMBL4166829,Fc1ccc(-n2nnnc2Nc2nccs2)cc1Cl,MIC,'>',865000.0,nM,CHEMBL4156679
CHEMBL1241993,Cc1ccccc1-n1nnc2sc3c(c2c1=O)CCCC3,MIC,'=',37.5,ug.mL-1,CHEMBL1246983
CHEMBL55554,c1ccc(CCC2CCCNC2)cc1,MIC,'>',128.0,ug.mL-1,CHEMBL678487
CHEMBL4527777,NCCC[C@H](N)C(=O)NC(c1ccccc1)c1ccccc1,MIC,'=',64.0,ug.mL-1,CHEMBL4364544
CHEMBL448082,CC1=C(O)C(=O)c2ccc(C)cc2C1=O,MIC,'>',800.0,ug.mL-1,CHEMBL995513
CHEMBL5429114,OB1OCC=C1c1cccc(I)c1,MIC,'>',50.0,ug.mL-1,CHEMBL5346422
CHEMBL148,C[C@@H](O)[C@H]1C(=O)N2C(C(=O)O)=C(SCCNC=N)C[C@H]12,MIC,'=',0.25,ug.mL-1,CHEMBL1262897
CHEMBL4780525,CC1=C[C@H](C(N)=O)N2C[C@@H]1N(O[C@H](F)C(=O)O)C2=O,MIC,'=',0.25,ug.mL-1,CHEMBL4772048
CHEMBL459997,O=C(NC1CCCC1)c1ccc(-c2ccc(O)c(O)c2)o1,MIC,'=',19.0,ug.mL-1,CHEMBL1023922
CHEMBL502315,O=[N+]([O-])c1ccc2nc(-c3ccccc3)oc2c1,MIC,'=',50.0,ug.mL-1,CHEMBL974323
CHEMBL3275245,CNC1=NC(=O)NOC1,MIC,'=',320000.0,nM,CHEMBL3285539
CHEMBL5417491,[C-]#[N+]c1ccc(NC(=O)c2ccccc2)cc1,MIC,'>=',64000.0,nM,CHEMBL5355195
CHEMBL475335,CC(=O)c1c(C)[n+]([O-])c2ccccc2[n+]1[O-],MIC,'=',128.0,ug.mL-1,CHEMBL1691507
CHEMBL405992,Cc1ccc2c(c1)C(=O)c1cc(O)cc(O)c1C2=O,MIC,'>',256.0,ug.mL-1,CHEMBL3266295
CHEMBL22,COc1cc(Cc2cnc(N)nc2N)cc(OC)c1OC,MIC,'=',0.5,ug.mL-1,CHEMBL1217998
CHEMBL148,C[C@@H](O)[C@H]1C(=O)N2C(C(=O)O)=C(SCCNC=N)C[C@H]12,MIC,'=',0.19,ug.mL-1,CHEMBL1665973
CHEMBL2165170,Cc1cc2cc(C(N)=O)c(N)nc2nc1C(F)(F)F,MIC,'=',0.063,ug.mL-1,CHEMBL2167580
CHEMBL22,COc1cc(Cc2cnc(N)nc2N)cc(OC)c1OC,MIC,'=',0.25,ug.mL-1,CHEMBL1006593
CHEMBL22,COc1cc(Cc2cnc(N)nc2N)cc(OC)c1OC,MIC,'>',256.0,ug.mL-1,CHEMBL1633445
CHEMBL483002,O=C1C(O)Oc2ccccc2N1O,MIC,'=',6900500.0,nM,CHEMBL4384408
CHEMBL2234428,c1ccc2oc(N3CCCNCC3)nc2c1,MIC,'=',75.0,ug.mL-1,CHEMBL3062615
CHEMBL3221105,C=CCOc1ccc(OCC=C)c(C(=O)NO)c1,MIC,,,,CHEMBL3224626
CHEMBL398207,Cc1ccc(CC(=O)Nc2c(N)cccc2O)cc1,MIC,'=',250.0,ug.mL-1,CHEMBL891841
CHEMBL4283465,O=c1ccc2ccc(OCCCCBr)cc2o1,MIC,'>',256000.0,nM,CHEMBL4253348
CHEMBL2429919,CCn1cc(C=C2C(=O)OC(C)(C)OC2=O)c2ccccc21,MIC,'=',15.0,ug.mL-1,CHEMBL2434493
CHEMBL200397,CCC(CC)CC1(C)SC(O)=C(C)C1=O,MIC,'>',1000000.0,nM,CHEMBL858887
CHEMBL78711,NC[C@H](O)C[C@@H](N)CC(=O)NN1CCC[C@H]1C(=O)O,MIC,'>',256.0,ug.mL-1,CHEMBL677286
CHEMBL1950045,OCCc1ccc(O)c(O)c1,MIC,'=',125.0,ug.mL-1,CHEMBL1008886
CHEMBL1510362,Cc1n[nH]c2c1C(c1cccs1)C(C#N)=C(N)O2,MIC,'=',1.56,ug.mL-1,CHEMBL2065728
CHEMBL309490,O=c1c(O)c(-c2ccccc2)oc2cc(O)cc(O)c12,MIC,'>',125.0,ug.mL-1,CHEMBL678555
CHEMBL148,C[C@@H](O)[C@H]1C(=O)N2C(C(=O)O)=C(SCCNC=N)C[C@H]12,MIC,'=',32.0,ug.mL-1,CHEMBL1259456
CHEMBL1098917,Cc1cccc2c1OCN(c1ccc(F)cc1)C2,MIC,'=',50.0,ug.mL-1,CHEMBL1105571
CHEMBL5597300,CC(=O)Cn1cc(C(C)=O)c(=O)c2cc(F)c(Cl)cc21,MIC,'=',868000.0,nM,CHEMBL5585825
CHEMBL594180,COc1ccc(/C=C/[N+](=O)[O-])cc1O,MIC,'=',25.0,ug,CHEMBL1073939
CHEMBL2260583,N=C(N)c1ccc(-c2ccc(-c3ccco3)o2)nc1,MIC,'=',15.0,ug.mL-1,CHEMBL3055399
CHEMBL58481,CCc1cc(Cc2cnc(N)nc2N)cc2c1OC(C)C2,MIC,'=',30.0,ug.mL-1,CHEMBL857098
CHEMBL165087,O=C(O)c1nccn1Cc1ccc(O)cc1,MIC,'<',0.25,ug.mL-1,CHEMBL5155372
CHEMBL5402016,OCCN(CCO)c1nccc(-n2cnc3ccccc32)n1,MIC,'=',856000.0,nM,CHEMBL5383700
CHEMBL148,C[C@@H](O)[C@H]1C(=O)N2C(C(=O)O)=C(SCCNC=N)C[C@H]12,MIC,'=',0.25,ug.mL-1,CHEMBL1218081
CHEMBL148,C[C@@H](O)[C@H]1C(=O)N2C(C(=O)O)=C(SCCNC=N)C[C@H]12,MIC,'=',0.25,ug.mL-1,CHEMBL4187463
CHEMBL124937,O=c1cc(Nc2ccc3ccccc3c2)[nH]c(=O)[nH]1,MIC,'>',20000.0,nM,CHEMBL4296185
CHEMBL171951,CCCS(=O)(=O)N1N=Cc2cc(Cl)ccc2B1O,MIC,'=',10.0,ug.mL-1,CHEMBL859382
CHEMBL443,Cc1cc(NS(=O)(=O)c2ccc(N)cc2)no1,MIC,'=',16000.0,nM,CHEMBL3270044
CHEMBL4466232,Cc1cc2c(c(O)c1O)C(=O)C=C(N)C2=O,MIC,,,,CHEMBL4340482
CHEMBL4073412,CC(C)CCOc1cc(C(N)=O)cc2ccccc12,MIC,'=',32.0,ug.mL-1,CHEMBL4720147
CHEMBL4867999,CCNc1c2ccccc2[n+](C)c2ccccc12.[Cl-],MIC,'>',64.0,ug.mL-1,CHEMBL4838237
CHEMBL497659,O=CC1=CC=C(c2ccccc2)CC1c1ccccc1,MIC,'>',100.0,ug.mL-1,CHEMBL999555
CHEMBL2237526,C=CCC(Nc1ccc(F)cc1)c1cccc(OCC)c1,MIC,'=',3.125,ug.mL-1,CHEMBL3050038
CHEMBL148,C[C@@H](O)[C@H]1C(=O)N2C(C(=O)O)=C(SCCNC=N)C[C@H]12,MIC,'=',0.02,ug.mL-1,CHEMBL1051735
CHEMBL62005,CSCC[C@H](N)C(=O)N[C@@H](CCl)C(=O)O,MIC,'=',1.56,ug.mL-1,CHEMBL676169
CHEMBL3621476,Clc1ccccc1CN(Cc1nnn[nH]1)c1ccccc1,MIC,'=',16.0,ug.mL-1,CHEMBL3623996
CHEMBL5276443,CC(C)(CNc1ccc(C(N)=O)cn1)c1ccccc1,MIC,'=',512.0,ug.mL-1,CHEMBL5252130
CHEMBL443,Cc1cc(NS(=O)(=O)c2ccc(N)cc2)no1,MIC,'>',256.0,ug.mL-1,CHEMBL1285175
CHEMBL1457292,O=C1CCCC2=C1C(c1ccccc1)C1=C(CCCC1=O)O2,MIC,'>',128.0,ug.mL-1,CHEMBL5389823
CHEMBL4559805,Cc1nc(N2CCOCC2)c2scc([N+](=O)[O-])c2n1,MIC,'>',913000.0,nM,CHEMBL4337932
CHEMBL395625,O=C(/N=N/C(=O)Nc1ccccc1)NCc1cccnc1,MIC,'=',64.0,ug.mL-1,CHEMBL903484
CHEMBL4289883,O=c1[nH]cnc2c1cc(-c1ccccc1)n2-c1ccccc1,MIC,'=',2.8,ug.mL-1,CHEMBL4274928
CHEMBL31574,O=c1c(O)c(-c2ccc(O)c(O)c2)oc2cc(O)ccc12,MIC,'=',0.8533,ug.mL-1,CHEMBL5134749
CHEMBL4073412,CC(C)CCOc1cc(C(N)=O)cc2ccccc12,MIC,'=',16.0,ug.mL-1,CHEMBL3999144
CHEMBL446869,Cc1nc(C(=O)NC(C)C)c(-c2ccc(O)c(O)c2)s1,MIC,'=',121.0,ug.mL-1,CHEMBL989018
CHEMBL1970585,COC(=O)C1(F)C(=O)NC(=O)NC1OC,MIC,'>',10000.0,nM,CHEMBL4296185
CHEMBL4128268,OB(O)c1cccc(Cn2cc(-c3cccs3)nn2)c1,MIC,'<=',0.03,ug.mL-1,CHEMBL4123733
CHEMBL148,C[C@@H](O)[C@H]1C(=O)N2C(C(=O)O)=C(SCCNC=N)C[C@H]12,MIC,'<=',1.0,ug.mL-1,CHEMBL1286720
CHEMBL3978941,O=c1c2ccccc2[se]n1C1CCCCC1,MIC,'=',8.0,ug.mL-1,CHEMBL4674622
CHEMBL5,CCn1cc(C(=O)O)c(=O)c2ccc(C)nc21,MIC,'=',3.0,ug.mL-1,CHEMBL1216578
CHEMBL2314948,Fc1cccc(COc2ccc3c(c2)CCc2nccn2-3)c1,MIC,'=',50.0,ug.mL-1,CHEMBL2317805
CHEMBL1241308,NNC(=O)Cn1ncc2cc([N+](=O)[O-])ccc21,MIC,'=',32.0,ug.mL-1,CHEMBL1246165
CHEMBL70248,CC(N)C(=O)NC(C1CCCCC1)P(=O)(O)O,MIC,'>',512.0,ug.mL-1,CHEMBL673720
CHEMBL84684,N#Cc1ccc(-n2nc3c(c2O)SCC3)cc1,MIC,'=',64.0,ug.mL-1,CHEMBL676262
CHEMBL1373905,O=[N+]([O-])c1ccc2ncnc(O)c2c1,MIC,'>',700000.0,nM,CHEMBL4337932
CHEMBL2297930,,MIC,'=',0.25,ug,CHEMBL3070551
CHEMBL148,C[C@@H](O)[C@H]1C(=O)N2C(C(=O)O)=C(SCCNC=N)C[C@H]12,MIC,'=',4.0,ug.mL-1,CHEMBL1674386
CHEMBL459996,O=C(NC1CC1)c1ccc(-c2ccc(O)c(O)c2)o1,MIC,'=',26.0,ug.mL-1,CHEMBL1023922
CHEMBL51085,O=c1c2ccccc2[se]n1-c1ccccc1,MIC,'>=',128.0,ug.mL-1,CHEMBL4674590
CHEMBL5195289,O=C(O)c1cn(Cc2cccc(B(O)O)c2)nn1,MIC,'>',64.0,ug.mL-1,CHEMBL5117449
CHEMBL185092,Cc1cc2c(C)c(C)sc2cc1Br,MIC,,,ug.mL-1,CHEMBL831400
CHEMBL5560646,CCOC(=O)ONC(=O)C(CC)c1ccccc1,MIC,'=',128.0,ug.mL-1,CHEMBL5518984
CHEMBL456623,CCn1c(NCC(C)C)nc2c(N)ncnc21,MIC,'=',50.0,ug.mL-1,CHEMBL1033185
CHEMBL3093084,Cc1ccc(-n2ccnc2/C=N/O)cc1,MIC,'=',25.0,ug.mL-1,CHEMBL3095824
CHEMBL5438051,OCCN(CCO)c1nccc(-n2ccnc2)n1,MIC,'=',1028000.0,nM,CHEMBL5383700
CHEMBL448819,COc1ccc(C(=O)OCc2ccccc2)cc1OC,MIC,'=',18.0,ug.mL-1,CHEMBL953468
CHEMBL4092432,CCCc1c(O)cc(CC)oc1=O,MIC,'=',1.0,ug.mL-1,CHEMBL4726362
CHEMBL4571378,NCCC[C@H](N)CNC(=O)CCCc1ccccc1,MIC,'>',200.0,ug.mL-1,CHEMBL4386795
CHEMBL373863,O=C(CNO)Cc1c[nH]c2ccc(Cl)cc12,MIC,'=',25.0,ug.mL-1,CHEMBL913370
CHEMBL20945,O=[N+]([O-])c1cccc(B(O)O)c1,MIC,'<=',0.06,ug.mL-1,CHEMBL5117450
CHEMBL3628563,C[C@H](NC1=CC(=O)C=C(C(C)(C)C)C1=O)C(=O)O,MIC,'=',1247010.0,nM,CHEMBL3631521
CHEMBL1096935,Clc1ccc(N2COc3ccc4ccccc4c3C2)cc1,MIC,'>',50.0,ug.mL-1,CHEMBL1105571
CHEMBL5205018,CCCCNC(=O)[C@@H](N)Cc1ccccc1,MIC,'=',312.0,nM,CHEMBL5124425
CHEMBL2262798,Nc1nc(=O)[nH]c2c1C(c1ccccc1)c1ccccc1O2,MIC,'=',62.5,ug.mL-1,CHEMBL3058345
CHEMBL3612336,FC(F)(F)Oc1ccc(-n2nccn2)cc1,MIC,'=',256.0,ug.mL-1,CHEMBL3614228
CHEMBL3092954,CCOC(=O)CCSc1ccc(C(C)(C)C)cc1,MIC,'>',128.0,ug.mL-1,CHEMBL3095134
CHEMBL148,C[C@@H](O)[C@H]1C(=O)N2C(C(=O)O)=C(SCCNC=N)C[C@H]12,MIC,'=',0.06,ug.mL-1,CHEMBL1280224
CHEMBL1568,Nc1nc(F)nc2c1ncn2[C@@H]1O[C@H](CO)[C@@H](O)[C@@H]1O,MIC,'>',100000.0,nM,CHEMBL987362
CHEMBL193314,CCOC(=O)c1[nH]nc2c1C(=O)c1ccccc1C2=O,MIC,'=',25.0,ug.mL-1,CHEMBL830936
CHEMBL70088,C[C@@H](O)[C@H]1C(=O)N2C(C(=O)O)=C(COC(N)=O)S[C@H]12,MIC,'=',1.0,ug.mL-1,CHEMBL679867
CHEMBL106637,Oc1nc2nonc2nc1-c1cccc(F)c1,MIC,'=',128.0,ug.mL-1,CHEMBL673754
CHEMBL1757,C[C@@H]1O[C@@H]1P(=O)(O)O,MIC,'=',0.5,ug.mL-1,CHEMBL1676026
CHEMBL572,O=C1CN(/N=C/c2ccc([N+](=O)[O-])o2)C(=O)N1,MIC,'=',25.0,ug.mL-1,CHEMBL1251161
CHEMBL2107817,NC(=O)[C@@H]1CC[C@@H]2CN1C(=O)N2OS(=O)(=O)[O-].[Na+],MIC,'=',4.0,ug.mL-1,CHEMBL5247780
CHEMBL5,CCn1cc(C(=O)O)c(=O)c2ccc(C)nc21,MIC,'=',1.5,ug.mL-1,CHEMBL957912
CHEMBL869,NC(=O)N/N=C/c1ccc([N+](=O)[O-])o1,MIC,'=',6.0,ug.mL-1,CHEMBL1059071
CHEMBL4077094,O=c1[nH]c(-c2ccc3c(c2)OCO3)nc2ccccc12,MIC,'>',128.0,ug.mL-1,CHEMBL4036416
CHEMBL148,C[C@@H](O)[C@H]1C(=O)N2C(C(=O)O)=C(SCCNC=N)C[C@H]12,MIC,'=',0.125,ug.mL-1,CHEMBL1263283
CHEMBL148,C[C@@H](O)[C@H]1C(=O)N2C(C(=O)O)=C(SCCNC=N)C[C@H]12,MIC,'=',0.12,ug.mL-1,CHEMBL1666867
CHEMBL31574,O=c1c(O)c(-c2ccc(O)c(O)c2)oc2cc(O)ccc12,MIC,'=',0.3413,ug.mL-1,CHEMBL5134751
CHEMBL148,C[C@@H](O)[C@H]1C(=O)N2C(C(=O)O)=C(SCCNC=N)C[C@H]12,MIC,'=',0.19,ug.mL-1,CHEMBL1284061
CHEMBL3714967,O=C(/C=C/c1ccc2ccccc2n1)c1ccccn1,MIC,'>',32.0,ug.mL-1,CHEMBL4817948
CHEMBL4458162,Oc1cccc(-c2nnnn2-c2nc3ccccc3s2)c1,MIC,'=',50.0,ug.mL-1,CHEMBL4343477
CHEMBL5639949,C=C1CC[C@@]2(O)C[C@@H]1[C@]2(C)[C@@H](CC=C(C)C)OC(C)=O,MIC,'=',8.0,ug.mL-1,CHEMBL5638662
CHEMBL1087042,CCOC(=O)C1=C(C)OC(N)=C(C#N)C1c1ccccc1,MIC,'=',64.0,ug.mL-1,CHEMBL1107709
CHEMBL110493,O=C(NO)C1COC(c2c(Cl)cccc2Cl)=N1,MIC,,,ug.mL-1,CHEMBL675322
CHEMBL94614,CCOC1=C(C(=O)[O-])N2C(=O)[C@H]([C@@H](C)O)[C@H]2S1.[Na+],MIC,'=',6.82,ug.mL-1,CHEMBL676857
CHEMBL4174300,CC1(C)C/C=C2/CCC(O)C(C)(CC3OC31)OC2,MIC,'=',430000.0,nM,CHEMBL4135831
CHEMBL4757348,CC(C)NCCOc1cc(C(N)=O)cc2ccccc12,MIC,'=',2.0,ug.mL-1,CHEMBL4720124
CHEMBL2030352,C[C@H]1CCCC[C@H]1Oc1ncc(C(N)=O)c(N)n1,MIC,'>',100000.0,nM,CHEMBL2034656
CHEMBL3823387,CCNC1=CC(=O)C(C(C)(C)C)=CC1=O,MIC,'=',188000.0,nM,CHEMBL3824610
CHEMBL4747975,C[C@H]1N[C@H](CCCCN)C(=O)NNC1=O,MIC,'=',31000.0,ug.mL-1,CHEMBL4680472
CHEMBL3357522,CCCCCCC1C/C(=N\O)c2c(O)cc(O)cc2O1,MIC,'=',3.13,ug.mL-1,CHEMBL3386988
CHEMBL494307,CCCc1ccsc1-c1ccc(O)c(O)c1,MIC,'=',4.0,ug.mL-1,CHEMBL989018
CHEMBL4793781,CC1=C[C@@H]2CN(C(=O)N2O[C@@H](F)C(=O)O)[C@@H]1C(N)=O,MIC,'=',8.0,ug.mL-1,CHEMBL4772009
CHEMBL448381,Cc1sc(C)c(-c2ccc(O)c(O)c2)c1Br,MIC,'=',9.0,ug.mL-1,CHEMBL989019
CHEMBL295551,C[C@@H](O)[C@H]1C(=O)N2C(C(=O)O)=C3[C@@H](N)CCC[C@@H]3[C@H]12,MIC,'=',0.5,ug.mL-1,CHEMBL857190
CHEMBL3335720,C/C(=N/N=C1\NC(=O)CS1)C1CCCCC1,MIC,'>=',256.0,ug.mL-1,CHEMBL4194364
CHEMBL443,Cc1cc(NS(=O)(=O)c2ccc(N)cc2)no1,MIC,'>',1024.0,ug.mL-1,CHEMBL1662382
CHEMBL572,O=C1CN(/N=C/c2ccc([N+](=O)[O-])o2)C(=O)N1,MIC,'=',6.25,ug.mL-1,CHEMBL4020473
CHEMBL56652,CCN1CCC(C)c2cc(Cc3cnc(N)nc3N)ccc21,MIC,'=',100.0,ug.mL-1,CHEMBL673737
CHEMBL5202066,COc1ccc(Cn2ccnc2C(=O)O)cc1,MIC,'=',1.0,ug.mL-1,CHEMBL5155366
CHEMBL148,C[C@@H](O)[C@H]1C(=O)N2C(C(=O)O)=C(SCCNC=N)C[C@H]12,MIC,'=',4.0,ug.mL-1,CHEMBL1284956
CHEMBL4083570,O=c1[nH]c(-c2ccc(-c3ccccc3)cc2)nc2ccccc12,MIC,'>',128.0,ug.mL-1,CHEMBL4036416
CHEMBL1829722,Cc1cccc2c1CC1Sc3nnc(C(C)C)n3N=C21,MIC,'=',32.0,ug.mL-1,CHEMBL1833517
CHEMBL5,CCn1cc(C(=O)O)c(=O)c2ccc(C)nc21,MIC,'=',4.0,ug.mL-1,CHEMBL1218003
CHEMBL2396686,Oc1cccc(-c2nc3ccccc3[nH]2)c1,MIC,'=',12500.0,nM,CHEMBL2399645
CHEMBL224214,N#CC(C#N)=NNc1cccc(Cl)c1,MIC,'=',16.0,ug.mL-1,CHEMBL992267
CHEMBL4457703,CCOC(=O)CC1Oc2cc(N)ccc2NC1=O,MIC,'=',1027000.0,nM,CHEMBL4384417
CHEMBL523366,Cc1nc(C(=O)NC2CC2)c(-c2ccc(O)c(O)c2)s1,MIC,'=',103.0,ug.mL-1,CHEMBL989019
CHEMBL148,C[C@@H](O)[C@H]1C(=O)N2C(C(=O)O)=C(SCCNC=N)C[C@H]12,MIC,'<',0.06,ug.mL-1,CHEMBL679009
CHEMBL2260585,N=C(N)c1ccc(-c2ccc(-c3cccs3)s2)nc1,MIC,'=',10.0,ug.mL-1,CHEMBL3055399
CHEMBL118359,CCCCCCCCOC(=O)c1ccncc1,MIC,'=',12.0,ug.mL-1,CHEMBL678776
CHEMBL12014,Cc1nccc2c1[nH]c1ccccc12,MIC,'=',8.0,ug.mL-1,CHEMBL5609779
CHEMBL5424804,S=C(Nc1ccccc1)Nc1cccc2cccnc12,MIC,'>',50000.0,nM,CHEMBL5363788
CHEMBL4099369,Cc1cc(O)c2c(c1O)[C@H](O)[C@H]1C[C@@H](O)C[C@@H](O)[C@@H]1C2=O,MIC,'=',32.0,ug.mL-1,CHEMBL4004922
CHEMBL86124,COc1ccc(C(=O)c2cc(OC)cc(OC)c2)cc1,MIC,,,ug.mL-1,CHEMBL677985
CHEMBL1923833,COC12C=CC(=O)C=C1C(=O)c1ccccc1O2,MIC,'=',125.0,ug.mL-1,CHEMBL1926016
CHEMBL3586541,CC1=CC(=O)C(C(C)(C)CC(=O)O)=C(C)C1=O,MIC,'>',100000.0,nM,CHEMBL3587508
CHEMBL4214667,O=c1[nH]nc(-c2cccc(OCc3ccccc3)c2)o1,MIC,'>',64.0,ug.mL-1,CHEMBL4188574
CHEMBL3298696,CCCCCCCCCCC[C@H](O)[C@H](C)N,MIC,'=',33000.0,nM,CHEMBL3816564
CHEMBL2260099,Clc1ccc(/N=C/c2cccs2)cc1,MIC,'=',200.0,ug.mL-1,CHEMBL3058393
CHEMBL5202385,O=C1O[C@@H](CO)CN1c1ccc(-c2ccccc2)c(F)c1,MIC,'=',16.0,ug.mL-1,CHEMBL5550755
CHEMBL2396687,COc1ccc2[nH]c(-c3ccccc3O)nc2c1,MIC,'=',100000.0,nM,CHEMBL2399645
CHEMBL1088189,COc1cc2[nH]c3ccccc3c2cc1C=O,MIC,,,,CHEMBL2038579
CHEMBL4515171,CC1=CC(=O)[C@]2(O1)C(=O)N[C@@](O)(CC(C)C)[C@@H]2O,MIC,'>',128.0,ug.mL-1,CHEMBL4392360
CHEMBL2289499,CC1(C)C(=O)ON(Cc2ccccc2Cl)C1=O,MIC,'=',3100000.0,nM,CHEMBL5535926
CHEMBL1802222,NC(=S)N/N=C/c1cc2ccccc2nc1Cl,MIC,'=',256.0,ug.mL-1,CHEMBL1804973
CHEMBL497698,CC1=CC=C(C=O)C(C)(c2ccc(-c3ccccc3)cc2)C1,MIC,'>',100.0,ug.mL-1,CHEMBL999555
CHEMBL298647,O=C(CN1Cc2c(Cl)cccc2NC1=O)NO,MIC,'=',16.0,ug.mL-1,CHEMBL857099
CHEMBL459815,CC(C)=CCC/C(C)=C/Cc1cc(O)ccc1O,MIC,'>',256.0,ug.mL-1,CHEMBL1015657
CHEMBL4450418,N#C[C@@H]1CC[C@@H]2CN1C(=O)N2OS(=O)(=O)[O-].[Na+],MIC,'>',16.0,ug.mL-1,CHEMBL5247783
CHEMBL2260465,O=C(O)c1cn(C2CC2)c2cc(Cl)c(F)cc2c1=O,MIC,'=',100.0,ug.mL-1,CHEMBL3056006
CHEMBL5189821,O=C(C[C@@H]1CCCCN1)Cn1cnc2nccnc2c1=O,MIC,'>',64.0,ug.mL-1,CHEMBL5153104
CHEMBL135799,OCCC[n+]1ccccc1,MIC,'>',2000.0,ug.mL-1,CHEMBL673729
CHEMBL5556949,Cc1cccc(NC(=O)c2nc3ccccc3n2C)c1C,MIC,'>',32.0,ug.mL-1,CHEMBL5503733
CHEMBL148,C[C@@H](O)[C@H]1C(=O)N2C(C(=O)O)=C(SCCNC=N)C[C@H]12,MIC,'=',0.128,ug.mL-1,CHEMBL5047084
CHEMBL460033,CC(C)=CCC[C@@H](C)c1ccc(C)c(O)c1,MIC,'=',16.0,ug.mL-1,CHEMBL4677046
CHEMBL1926926,CCNc1nc(C)c(C(=O)/C=C/c2cccc(F)c2)s1,MIC,'=',6.89,10'-2 umol/ml,CHEMBL1929967
CHEMBL388179,O=c1ccn(C2CC2)c2cc(N3CCNCC3)c(F)cc12,MIC,'>',80.0,ug.mL-1,CHEMBL1838891
CHEMBL468246,C=C1C(=O)O[C@H]2C[C@@]3(C)[C@H](O)CCC(=C)[C@@H]3[C@@H](O)[C@H]12,MIC,'=',50.0,ug.mL-1,CHEMBL983107
CHEMBL148,C[C@@H](O)[C@H]1C(=O)N2C(C(=O)O)=C(SCCNC=N)C[C@H]12,MIC,'=',0.25,ug.mL-1,CHEMBL1663989
CHEMBL118409,CCCCCCOC(=O)c1ccncc1,MIC,'=',50.0,ug.mL-1,CHEMBL3070934
CHEMBL2030364,N=C(N)c1cnc(OC2CCCC2)nc1N,MIC,'>',100000.0,nM,CHEMBL2034656
CHEMBL3393239,O=c1c2c(oc3ccc(F)cc13)-c1ccccc1OCCO2,MIC,'=',167.0,nM,CHEMBL3395345
CHEMBL148,C[C@@H](O)[C@H]1C(=O)N2C(C(=O)O)=C(SCCNC=N)C[C@H]12,MIC,,,,CHEMBL1247095
CHEMBL2334110,N=c1[nH]c2nn(-c3ccccc3)nc2c2ccccc12,MIC,'=',50.0,ug.mL-1,CHEMBL2344200
CHEMBL1999880,Cc1cc(=O)n2c3c(c4c(cc13)c(CO)cc(=O)n4C)OC2,MIC,'>',24.0,ug.mL-1,CHEMBL4417494
CHEMBL3357498,CC(C)=CCCC(C)CC1CC(=O)c2c(O)cccc2O1,MIC,'>',200.0,ug.mL-1,CHEMBL3386987
CHEMBL5176601,Nc1nc2c(Cn3ccnc3C(=O)O)cccc2s1,MIC,'=',0.5,ug.mL-1,CHEMBL5155371
CHEMBL3298263,CC(=O)C1=C[C@@]2(C)C(=CC1=O)[C@H](O)CC[C@@H]2C,MIC,'=',31.25,ug.mL-1,CHEMBL3299391
CHEMBL2035663,CCOC(=O)CC(=O)c1cnc(Cl)cn1,MIC,'=',6250.0,ug.mL-1,CHEMBL2039164
CHEMBL148,C[C@@H](O)[C@H]1C(=O)N2C(C(=O)O)=C(SCCNC=N)C[C@H]12,MIC,'=',0.25,ug.mL-1,CHEMBL1259455
CHEMBL148,C[C@@H](O)[C@H]1C(=O)N2C(C(=O)O)=C(SCCNC=N)C[C@H]12,MIC,'=',0.12,ug.mL-1,CHEMBL1666863
CHEMBL1521734,CCOC(=O)C1=C(C)N=C(C)/C(=C(/O)OCC)C1,MIC,'=',125.0,ug.mL-1,CHEMBL2071795
CHEMBL5,CCn1cc(C(=O)O)c(=O)c2ccc(C)nc21,MIC,'=',4.0,ug.mL-1,CHEMBL1659069
CHEMBL4763070,COc1ccc(NC(=S)Nc2ccccc2Cl)cc1,MIC,'>',256.0,ug.mL-1,CHEMBL4682482
CHEMBL5398300,CC1=C[C@@H]2[C@@H](C(C)C)CC[C@@](C)(O)[C@@H]2CC1,MIC,'>',128.0,ug.mL-1,CHEMBL5359535
CHEMBL2236692,COc1ccc2nc3[nH]c(=O)[nH]c(=O)c3cc2c1,MIC,'=',7.8,ug.mL-1,CHEMBL3051031
CHEMBL4577157,CC(C)[C@@H]1O/C(=C/C(=O)Cc2ccccc2)NC1=O,MIC,'=',32.0,ug.mL-1,CHEMBL4402396
CHEMBL3822650,CNC1=CC(=O)C(C(C)(C)C)=CC1=O,MIC,'=',104000.0,nM,CHEMBL3824610
CHEMBL2107817,NC(=O)[C@@H]1CC[C@@H]2CN1C(=O)N2OS(=O)(=O)[O-].[Na+],MIC,'<=',0.12,ug.mL-1,CHEMBL5247824
CHEMBL148,C[C@@H](O)[C@H]1C(=O)N2C(C(=O)O)=C(SCCNC=N)C[C@H]12,MIC,'=',500.0,nM,CHEMBL5545487
CHEMBL1945694,Cc1cc2ncn(Cc3ccc(Cl)cc3)c2cc1C,MIC,'=',12.5,ug.mL-1,CHEMBL1947962
CHEMBL148,C[C@@H](O)[C@H]1C(=O)N2C(C(=O)O)=C(SCCNC=N)C[C@H]12,MIC,'=',0.25,ug.mL-1,CHEMBL1654656
CHEMBL5,CCn1cc(C(=O)O)c(=O)c2ccc(C)nc21,MIC,,,,CHEMBL1674475
CHEMBL3247255,Cn1c(/C=C/C=[N+](/C)[O-])cnc1[N+](=O)[O-],MIC,'=',50.0,ug.mL-1,CHEMBL3258580
CHEMBL460033,CC(C)=CCC[C@@H](C)c1ccc(C)c(O)c1,MIC,'=',32.0,ug.mL-1,CHEMBL990262
CHEMBL207091,CCCCCCCCCCCCCC(=O)OCCC(C)C,MIC,'=',3019951.72,nM,CHEMBL866310
CHEMBL4078443,Cc1cccc2nc(N/N=C/c3cccs3)sc12,MIC,'=',35.0,ug.mL-1,CHEMBL4022403
CHEMBL107434,Oc1nc2nonc2nc1-c1cccc(Cl)c1,MIC,'>',128.0,ug.mL-1,CHEMBL673754
CHEMBL148,C[C@@H](O)[C@H]1C(=O)N2C(C(=O)O)=C(SCCNC=N)C[C@H]12,MIC,'=',0.25,ug.mL-1,CHEMBL4187488
CHEMBL254613,COc1cc(O)c2c(c1)O[C@H](c1ccccc1)CC2=O,MIC,'=',12.0,ug.mL-1,CHEMBL5247493
CHEMBL3086208,N#CCCCSC(=S)n1cnc2ccccc21,MIC,'>=',50.0,ug.mL-1,CHEMBL3089760
CHEMBL148,C[C@@H](O)[C@H]1C(=O)N2C(C(=O)O)=C(SCCNC=N)C[C@H]12,MIC,'=',0.25,ug.mL-1,CHEMBL4187479
CHEMBL494109,Nc1nc(-c2ccc(O)c(O)c2)cs1,MIC,'=',39.0,ug.mL-1,CHEMBL989018
CHEMBL148,C[C@@H](O)[C@H]1C(=O)N2C(C(=O)O)=C(SCCNC=N)C[C@H]12,MIC,'=',0.25,ug.mL-1,CHEMBL988214
CHEMBL149009,Oc1cc(F)ccc1Oc1ccccc1,MIC,'=',0.6,ug.mL-1,CHEMBL5231311
CHEMBL1240671,CSc1nc2sc3c(c2c(=S)[nH]1)CCCCC3,MIC,'=',128.0,ug.mL-1,CHEMBL1247395
CHEMBL2107817,NC(=O)[C@@H]1CC[C@@H]2CN1C(=O)N2OS(=O)(=O)[O-].[Na+],MIC,'<=',0.12,ug.mL-1,CHEMBL5247918
CHEMBL148,C[C@@H](O)[C@H]1C(=O)N2C(C(=O)O)=C(SCCNC=N)C[C@H]12,MIC,'<',0.12,ug.mL-1,CHEMBL1218197
CHEMBL335222,O=C(O)CC[n+]1ccccc1,MIC,'>',1000.0,ug.mL-1,CHEMBL673729
CHEMBL496256,CC(C)=CCCC1=CC=C(C=O)C(C)(c2ccc(C)o2)C1,MIC,'>',100.0,ug.mL-1,CHEMBL999555
CHEMBL3923746,CC1(C)NC(=S)N(c2ccc(Cl)cc2)N1,MIC,'>=',128.0,ug.mL-1,CHEMBL3870235
CHEMBL379412,N=C1CCNC(=O)N1c1ccc(Cl)cc1Cl,MIC,'=',25.0,ug.mL-1,CHEMBL862937
CHEMBL148,C[C@@H](O)[C@H]1C(=O)N2C(C(=O)O)=C(SCCNC=N)C[C@H]12,MIC,'=',0.12,ug.mL-1,CHEMBL1282066
CHEMBL2260095,O=c1c(/C=N/c2ccc(Cl)cc2)coc2ccccc12,MIC,'=',400.0,ug.mL-1,CHEMBL3058393
CHEMBL3086202,C=CCSC(=S)n1ccnc1C,MIC,'>=',50.0,ug.mL-1,CHEMBL3089760
CHEMBL43185,O=C(/C=C/C=C/c1ccc2c(c1)OCO2)N1CCCCC1,MIC,'=',300.0,ug.mL-1,CHEMBL3075852
CHEMBL5195512,C[C@@H]1C[C@@H]2C=C[C@H](C)[C@H](/C=C/C=C/C(=O)O)[C@H]2[C@@](C)(O)C1,MIC,'=',64.0,ug.mL-1,CHEMBL5124288
CHEMBL4126203,OB(O)c1cccc(Cn2cc(-c3ccsc3)nn2)c1,MIC,'<=',0.06,ug.mL-1,CHEMBL5117453
CHEMBL419476,CN(CC(=O)O)NC(=O)C[C@H](N)C[C@@H](O)CN=C(N)N,MIC,'>',256.0,ug.mL-1,CHEMBL682950
CHEMBL4877734,C[n+]1c2ccccc2c(NC2CC2)c2ccccc21.[Cl-],MIC,'>',64.0,ug.mL-1,CHEMBL4838237
CHEMBL568279,Cc1ccc(-n2sc(Cl)cc2=O)cc1,MIC,'=',5.0,ug.mL-1,CHEMBL1052821
CHEMBL444392,O=C(NC1CC1)c1ccc(-c2ccc(O)c(O)c2)s1,MIC,'=',78.0,ug.mL-1,CHEMBL989018
CHEMBL45655,C#CCC(NC(=O)[C@H](C)N)C(=O)O.O=C(O)C(F)(F)F,MIC,'>',100.0,ug.mL-1,CHEMBL673755
CHEMBL5,CCn1cc(C(=O)O)c(=O)c2ccc(C)nc21,MIC,'=',3.0,ug.mL-1,CHEMBL1280570
CHEMBL2436664,Cc1nnc2c(C#N)c(-c3ccc(F)cc3)[nH]c(=S)n12,MIC,,,,CHEMBL2438151
CHEMBL1253688,O=C(/C=C/C[C@@H]1CC=CC(=O)O1)CCc1ccccc1,MIC,'=',50.0,ug.mL-1,CHEMBL1251161
CHEMBL5178509,Cc1cc(C)c2c(/C=C/C=C/C(=O)O)c(CO)ccc2c1,MIC,'>',64.0,ug.mL-1,CHEMBL5124288
CHEMBL2164863,NC(=O)c1cc2cc(C3CC3)c(C(F)(F)F)nc2nc1N,MIC,'=',2.0,ug.mL-1,CHEMBL2167579
CHEMBL285241,O=C(/C=C/c1ccccc1)c1cccs1,MIC,'=',10.0,ug.mL-1,CHEMBL3049081
CHEMBL5,CCn1cc(C(=O)O)c(=O)c2ccc(C)nc21,MIC,'=',4.0,ug.mL-1,CHEMBL1280224
CHEMBL567787,Cc1[nH]c2ccccc2c1C(=O)C(=O)Nc1ccccc1,MIC,'>',200.0,ug.mL-1,CHEMBL1292123
CHEMBL437,Nc1ccc(S(=O)(=O)Nc2nccs2)cc1,MIC,'=',256.0,ug.mL-1,CHEMBL5326066
CHEMBL443949,CCCCC/C=C/C=C/C=O,MIC,'>',800.0,ug.mL-1,CHEMBL948664
CHEMBL5435554,CCCCCCCCCN1CCCc2cc(O)ccc21,MIC,'>',50.0,ug.mL-1,CHEMBL5353781
CHEMBL23393,CCCCCCCCCCCCOS(=O)(=O)[O-].[Na+],MIC,'>',128.0,ug.mL-1,CHEMBL992264
CHEMBL108119,CN(CC(=O)O)NC(=O)C[C@H](N)CC1CC1N,MIC,'=',32.0,ug.mL-1,CHEMBL675415
CHEMBL1276537,COc1ccc(C2C(C#N)=C(N)Oc3ccccc32)cc1,MIC,'=',500.0,ug.mL-1,CHEMBL1286297
CHEMBL148,C[C@@H](O)[C@H]1C(=O)N2C(C(=O)O)=C(SCCNC=N)C[C@H]12,MIC,'=',0.06,ug.mL-1,CHEMBL1266882
CHEMBL4575306,CC(C)=CCc1c(O)cc(C)c(C(=O)O)c1O,MIC,'>',225000.0,nM,CHEMBL4481586
CHEMBL2402834,CCC/C(C)=N/Nc1nc(-c2ccc(C)cc2)cs1,MIC,'>',256.0,ug.mL-1,CHEMBL2405758
CHEMBL2238081,COc1ccc(/C=N/CCn2c([N+](=O)[O-])cnc2C)cc1,MIC,'=',4340000.0,nM,CHEMBL3048989
CHEMBL2297195,O=C(/C=C/c1ccc(-c2ccccc2)cc1)c1ccsc1,MIC,'=',30.0,ug.mL-1,CHEMBL3074721
CHEMBL22,COc1cc(Cc2cnc(N)nc2N)cc(OC)c1OC,MIC,'=',1.0,ug.mL-1,CHEMBL1821389
CHEMBL82293,CCCCCCCCCCCCCCCC(=O)O,MIC,'>',20.0,ug,CHEMBL1019081
CHEMBL22,COc1cc(Cc2cnc(N)nc2N)cc(OC)c1OC,MIC,'<=',0.125,ug.mL-1,CHEMBL935006
CHEMBL5418772,[C-]#[N+]c1ccc(NC(=O)c2cccnc2)cc1,MIC,'>=',64000.0,nM,CHEMBL5355195
CHEMBL5,CCn1cc(C(=O)O)c(=O)c2ccc(C)nc21,MIC,'=',2.0,ug.mL-1,CHEMBL960519
CHEMBL148,C[C@@H](O)[C@H]1C(=O)N2C(C(=O)O)=C(SCCNC=N)C[C@H]12,MIC,'=',0.25,ug.mL-1,CHEMBL1217823
CHEMBL4073412,CC(C)CCOc1cc(C(N)=O)cc2ccccc12,MIC,'=',16.0,ug.mL-1,CHEMBL3999152
CHEMBL5094802,C#Cc1cccc(NC(=O)[C@@H](N)C(C)C)c1,MIC,'=',10.0,ug.mL-1,CHEMBL5040846
CHEMBL3609692,CC(=O)OCn1nnn(-c2ccccc2)c1=S,MIC,'=',13.88,ug.mL-1,CHEMBL3610846
CHEMBL148,C[C@@H](O)[C@H]1C(=O)N2C(C(=O)O)=C(SCCNC=N)C[C@H]12,MIC,'=',0.125,ug.mL-1,CHEMBL1666096
CHEMBL5177243,CNC1=NC(=O)C(C(C)c2c[nH]c3c(F)cccc23)O1,MIC,'=',16.0,ug.mL-1,CHEMBL5106479
CHEMBL3221106,C#CCOc1ccc(OCC=C)c(C(=O)NO)c1,MIC,'=',400.0,ug.mL-1,CHEMBL3224627
CHEMBL22,COc1cc(Cc2cnc(N)nc2N)cc(OC)c1OC,MIC,'=',1.0,,CHEMBL674872
CHEMBL1455814,COc1ccc2[nH]c(-c3ccccc3)nc2c1,MIC,'=',25000.0,nM,CHEMBL2399645
CHEMBL148,C[C@@H](O)[C@H]1C(=O)N2C(C(=O)O)=C(SCCNC=N)C[C@H]12,MIC,'=',0.25,ug.mL-1,CHEMBL1639886
